file,n_extra_eeg_cols,low_1_8Hz_coh_real,low_1_8Hz_coh_null,low_1_8Hz_coh_excess,mid_8_30Hz_coh_real,mid_8_30Hz_coh_null,mid_8_30Hz_coh_excess,best_imu_low,ridge_ceiling_R2_mean,best_lambda,best_channel,best_channel_R2
Sub1EB,0,0.045,0.04,0.005,0.049,0.04,0.009,MOT.AccY,-0.013,10000.0,O2,0.006
Sub1EBM,0,0.147,0.082,0.065,0.082,0.041,0.041,MOT.AccX,-0.012,10000.0,AF3,0.102
Sub1EM,1,0.054,0.04,0.014,0.028,0.033,-0.005,MOT.GyroX,-0.002,10000.0,FC5,0.043
Sub1HS,0,0.084,0.052,0.031,0.11,0.046,0.064,MOT.GyroZ,0.022,10000.0,F8,0.091
Sub1HT,0,0.173,0.058,0.115,0.079,0.041,0.038,MOT.GyroX,0.027,10000.0,FC5,0.096
Sub1LS,0,0.15,0.067,0.083,0.063,0.043,0.02,MOT.AccZ,0.028,10000.0,AF3,0.082
Sub1Music,0,0.071,0.059,0.012,0.061,0.037,0.024,MOT.GyroY,-0.01,10000.0,F8,0.05
Sub1Relax,0,0.057,0.049,0.009,0.042,0.041,0.001,MOT.GyroX,-0.014,10000.0,T8,0.023
Sub1Relaxopen,0,0.057,0.05,0.007,0.042,0.039,0.003,MOT.AccX,-0.028,10000.0,F4,0.005
Sub1SUSD,0,0.162,0.06,0.101,0.176,0.043,0.134,MOT.AccX,0.091,10000.0,FC5,0.329
Sub1Talking,0,0.079,0.055,0.025,0.096,0.039,0.058,MOT.GyroY,-0.456,10000.0,F4,-0.14
Sub1Walking,1,0.214,0.053,0.16,0.06,0.06,0.0,MOT.AccX,0.176,10.0,P8,0.383
