method,residual_imu_r2_DIAGNOSTIC_ONLY,alpha_contrast,spectral_fidelity_D_PSD,file,label,n_channels,ica_excluded_components
baseline,-0.2051,1.4024,0.77,Sub1EB,EB,14,
ica,-0.2051,1.4024,0.77,Sub1EB,EB,14,0.0
asr,-0.2293,1.4443,0.893,Sub1EB,EB,14,
imu_batch,0.0537,1.3,0.6,Sub1EB,EB,14,
imu_rls,-0.251,1.579,0.6169,Sub1EB,EB,14,
baseline,-0.2211,,0.8579,Sub1EB,EB,8,
ica,-0.2211,,0.8579,Sub1EB,EB,8,0.0
asr,-0.3016,,1.2072,Sub1EB,EB,8,
imu_batch,0.057,,0.639,Sub1EB,EB,8,
imu_rls,-0.2574,,0.6593,Sub1EB,EB,8,
baseline,-0.2205,,0.634,Sub1EB,EB,4,
ica,-0.2205,,0.634,Sub1EB,EB,4,0.0
asr,-0.3502,,1.477,Sub1EB,EB,4,
imu_batch,0.0316,,0.5167,Sub1EB,EB,4,
imu_rls,-0.4737,,0.5474,Sub1EB,EB,4,
baseline,-0.9508,1.6309,1.1026,Sub1EBM,EBM,14,
ica,-0.9508,1.6309,1.1026,Sub1EBM,EBM,14,0.0
asr,-0.6321,2.7368,0.9988,Sub1EBM,EBM,14,
imu_batch,-0.7375,1.6579,1.2202,Sub1EBM,EBM,14,
imu_rls,-0.7529,1.6247,1.2749,Sub1EBM,EBM,14,
baseline,-0.7004,,1.084,Sub1EBM,EBM,8,
ica,-0.7004,,1.084,Sub1EBM,EBM,8,0.0
asr,-0.4609,,0.7404,Sub1EBM,EBM,8,
imu_batch,-0.5552,,1.2406,Sub1EBM,EBM,8,
imu_rls,-0.619,,1.2873,Sub1EBM,EBM,8,
baseline,-0.8133,,1.0578,Sub1EBM,EBM,4,
ica,-0.8133,,1.0578,Sub1EBM,EBM,4,0.0
asr,-0.3499,,0.8334,Sub1EBM,EBM,4,
imu_batch,-0.7004,,1.1209,Sub1EBM,EBM,4,
imu_rls,-0.6557,,1.1992,Sub1EBM,EBM,4,
baseline,-0.5348,1.8006,0.6805,Sub1EM,EM,14,
ica,-0.5348,1.8006,0.6805,Sub1EM,EM,14,0.0
asr,-0.4562,1.6145,0.7541,Sub1EM,EM,14,
imu_batch,-0.4891,1.653,0.6325,Sub1EM,EM,14,
imu_rls,-0.504,1.8658,0.6666,Sub1EM,EM,14,
baseline,-0.5064,,0.7298,Sub1EM,EM,8,
ica,-0.5064,,0.7298,Sub1EM,EM,8,0.0
asr,-0.4044,,1.0107,Sub1EM,EM,8,
imu_batch,-0.4908,,0.6898,Sub1EM,EM,8,
imu_rls,-0.5045,,0.7495,Sub1EM,EM,8,
baseline,-1.5766,,0.5359,Sub1EM,EM,4,
ica,-1.5766,,0.5359,Sub1EM,EM,4,0.0
asr,-1.5766,,0.5359,Sub1EM,EM,4,
imu_batch,-1.4744,,0.503,Sub1EM,EM,4,
imu_rls,-0.9553,,0.5454,Sub1EM,EM,4,
baseline,-0.3198,1.0823,0.714,Sub1HS,HS,14,
ica,-0.3258,1.1354,0.7676,Sub1HS,HS,14,3.0
asr,-0.5771,0.8087,0.8344,Sub1HS,HS,14,
imu_batch,-0.2404,1.2512,0.6521,Sub1HS,HS,14,
imu_rls,-0.5632,1.2895,0.639,Sub1HS,HS,14,
baseline,-0.31,,0.7624,Sub1HS,HS,8,
ica,-0.4224,,0.9261,Sub1HS,HS,8,2.0
asr,-0.6429,,0.7974,Sub1HS,HS,8,
imu_batch,-0.3178,,0.6958,Sub1HS,HS,8,
imu_rls,-0.5624,,0.6662,Sub1HS,HS,8,
baseline,-0.655,,0.6847,Sub1HS,HS,4,
ica,-0.8397,,0.8915,Sub1HS,HS,4,1.0
asr,-0.655,,0.6847,Sub1HS,HS,4,
imu_batch,-0.4182,,0.6317,Sub1HS,HS,4,
imu_rls,-0.5603,,0.6079,Sub1HS,HS,4,
baseline,-0.7982,1.5305,2.0961,Sub1HT,HT,14,
ica,-0.9214,1.5152,2.1171,Sub1HT,HT,14,2.0
asr,-1.6231,2.2273,0.7717,Sub1HT,HT,14,
imu_batch,-0.7103,1.5235,2.1281,Sub1HT,HT,14,
imu_rls,-0.8064,1.5141,2.2696,Sub1HT,HT,14,
baseline,-0.8974,,2.2488,Sub1HT,HT,8,
ica,-0.9428,,2.2557,Sub1HT,HT,8,1.0
asr,-2.183,,0.8123,Sub1HT,HT,8,
imu_batch,-0.9469,,2.277,Sub1HT,HT,8,
imu_rls,-0.9376,,2.4328,Sub1HT,HT,8,
baseline,-1.0417,,2.4852,Sub1HT,HT,4,
ica,-1.0417,,2.4852,Sub1HT,HT,4,0.0
asr,-4.3381,,5.0405,Sub1HT,HT,4,
imu_batch,-0.921,,2.5192,Sub1HT,HT,4,
imu_rls,-0.9343,,2.6735,Sub1HT,HT,4,
baseline,-0.8858,1.0773,0.8247,Sub1LS,LS,14,
ica,-0.8858,1.0773,0.8247,Sub1LS,LS,14,0.0
asr,-0.8858,1.0773,0.8247,Sub1LS,LS,14,
imu_batch,-0.845,1.0559,0.8071,Sub1LS,LS,14,
imu_rls,-1.0615,0.9932,0.7949,Sub1LS,LS,14,
baseline,-0.3582,,0.9314,Sub1LS,LS,8,
ica,-0.3724,,0.9749,Sub1LS,LS,8,1.0
asr,-0.3582,,0.9314,Sub1LS,LS,8,
imu_batch,-0.3561,,0.9047,Sub1LS,LS,8,
imu_rls,-0.6325,,0.8661,Sub1LS,LS,8,
baseline,-0.3435,,0.7095,Sub1LS,LS,4,
ica,-0.3435,,0.7095,Sub1LS,LS,4,0.0
asr,-0.3435,,0.7095,Sub1LS,LS,4,
imu_batch,-0.3385,,0.6974,Sub1LS,LS,4,
imu_rls,-0.7453,,0.6673,Sub1LS,LS,4,
baseline,-0.4942,1.4638,0.6168,Sub1Music,Music,14,
ica,-0.4942,1.4638,0.6168,Sub1Music,Music,14,0.0
asr,-0.4942,1.4638,0.6168,Sub1Music,Music,14,
imu_batch,-0.076,1.3532,0.6859,Sub1Music,Music,14,
imu_rls,-0.5707,1.6012,0.7022,Sub1Music,Music,14,
baseline,-0.4148,,0.6493,Sub1Music,Music,8,
ica,-0.4148,,0.6493,Sub1Music,Music,8,0.0
asr,-0.4148,,0.6493,Sub1Music,Music,8,
imu_batch,0.0911,,0.6915,Sub1Music,Music,8,
imu_rls,-0.8576,,0.7102,Sub1Music,Music,8,
baseline,-0.5612,,0.5353,Sub1Music,Music,4,
ica,-0.5612,,0.5353,Sub1Music,Music,4,0.0
asr,-0.5612,,0.5353,Sub1Music,Music,4,
imu_batch,0.0213,,0.5894,Sub1Music,Music,4,
imu_rls,-1.0733,,0.598,Sub1Music,Music,4,
baseline,-1.137,1.3442,0.3795,Sub1Relax,Relax,14,
ica,-1.137,1.3442,0.3795,Sub1Relax,Relax,14,0.0
asr,-0.9134,1.4019,0.6229,Sub1Relax,Relax,14,
imu_batch,-0.8268,1.362,0.4123,Sub1Relax,Relax,14,
imu_rls,-0.8969,0.9707,0.4758,Sub1Relax,Relax,14,
baseline,-0.6032,,0.387,Sub1Relax,Relax,8,
ica,-0.6032,,0.387,Sub1Relax,Relax,8,0.0
asr,-0.6032,,0.387,Sub1Relax,Relax,8,
imu_batch,-0.4682,,0.4089,Sub1Relax,Relax,8,
imu_rls,-0.5649,,0.4713,Sub1Relax,Relax,8,
baseline,-0.6054,,0.3764,Sub1Relax,Relax,4,
ica,-0.6054,,0.3764,Sub1Relax,Relax,4,0.0
asr,-0.6054,,0.3764,Sub1Relax,Relax,4,
imu_batch,-0.4994,,0.399,Sub1Relax,Relax,4,
imu_rls,-0.5949,,0.4767,Sub1Relax,Relax,4,
baseline,-0.288,1.1899,1.022,Sub1Relaxopen,Relaxopen,14,
ica,-0.288,1.1899,1.022,Sub1Relaxopen,Relaxopen,14,0.0
asr,-0.288,1.1899,1.022,Sub1Relaxopen,Relaxopen,14,
imu_batch,0.3652,1.3631,0.7611,Sub1Relaxopen,Relaxopen,14,
imu_rls,-0.208,1.3774,0.8966,Sub1Relaxopen,Relaxopen,14,
baseline,-0.3678,,1.1087,Sub1Relaxopen,Relaxopen,8,
ica,-0.3678,,1.1087,Sub1Relaxopen,Relaxopen,8,0.0
asr,-0.3678,,1.1087,Sub1Relaxopen,Relaxopen,8,
imu_batch,0.3074,,0.8667,Sub1Relaxopen,Relaxopen,8,
imu_rls,-0.267,,0.9658,Sub1Relaxopen,Relaxopen,8,
baseline,-0.3778,,0.9663,Sub1Relaxopen,Relaxopen,4,
ica,-0.3778,,0.9663,Sub1Relaxopen,Relaxopen,4,0.0
asr,-0.3778,,0.9663,Sub1Relaxopen,Relaxopen,4,
imu_batch,0.2187,,0.7347,Sub1Relaxopen,Relaxopen,4,
imu_rls,-0.3334,,0.8397,Sub1Relaxopen,Relaxopen,4,
baseline,-0.1585,1.6101,1.0128,Sub1SUSD,SUSD,14,
ica,-0.1516,1.6677,0.8138,Sub1SUSD,SUSD,14,2.0
asr,-1.0194,1.3424,1.2121,Sub1SUSD,SUSD,14,
imu_batch,-0.0718,1.7826,1.0369,Sub1SUSD,SUSD,14,
imu_rls,-0.5567,1.6607,1.118,Sub1SUSD,SUSD,14,
baseline,-0.1578,,0.9603,Sub1SUSD,SUSD,8,
ica,-0.2353,,0.8665,Sub1SUSD,SUSD,8,1.0
asr,-0.0884,,0.9848,Sub1SUSD,SUSD,8,
imu_batch,0.0166,,0.9703,Sub1SUSD,SUSD,8,
imu_rls,-0.5276,,1.0422,Sub1SUSD,SUSD,8,
baseline,-0.3335,,0.8483,Sub1SUSD,SUSD,4,
ica,-0.3335,,0.8483,Sub1SUSD,SUSD,4,0.0
asr,-0.3958,,1.1795,Sub1SUSD,SUSD,4,
imu_batch,-0.0336,,0.89,Sub1SUSD,SUSD,4,
imu_rls,-0.3672,,0.9662,Sub1SUSD,SUSD,4,
baseline,-4.0991,0.9786,0.7959,Sub1Talking,Talking,14,
ica,-6.9381,1.04,0.8135,Sub1Talking,Talking,14,2.0
asr,-5.4698,0.7384,1.1074,Sub1Talking,Talking,14,
imu_batch,0.5845,2.7509,0.8918,Sub1Talking,Talking,14,
imu_rls,-9.1145,1.0794,0.7673,Sub1Talking,Talking,14,
baseline,-2.9738,,0.8437,Sub1Talking,Talking,8,
ica,-4.102,,0.8179,Sub1Talking,Talking,8,1.0
asr,-2.5465,,1.1024,Sub1Talking,Talking,8,
imu_batch,0.6967,,0.917,Sub1Talking,Talking,8,
imu_rls,-8.3797,,0.8009,Sub1Talking,Talking,8,
baseline,-2.3446,,0.7889,Sub1Talking,Talking,4,
ica,-2.336,,0.9328,Sub1Talking,Talking,4,1.0
asr,-1.6964,,1.5872,Sub1Talking,Talking,4,
imu_batch,0.7471,,1.1219,Sub1Talking,Talking,4,
imu_rls,-12.4812,,0.7487,Sub1Talking,Talking,4,
baseline,-1.125,1.8934,2.722,Sub1Walking,Walking,14,
ica,-1.5504,1.8277,2.7717,Sub1Walking,Walking,14,2.0
asr,0.1188,1.4729,0.8054,Sub1Walking,Walking,14,
imu_batch,-1.242,1.8345,2.7283,Sub1Walking,Walking,14,
imu_rls,-0.9217,1.7307,2.8748,Sub1Walking,Walking,14,
baseline,-1.1191,,2.6992,Sub1Walking,Walking,8,
ica,-1.9874,,2.7485,Sub1Walking,Walking,8,1.0
asr,0.0994,,2.1688,Sub1Walking,Walking,8,
imu_batch,-1.2188,,2.7043,Sub1Walking,Walking,8,
imu_rls,-0.8914,,2.8581,Sub1Walking,Walking,8,
baseline,-2.0118,,3.0149,Sub1Walking,Walking,4,
ica,-2.0118,,3.0149,Sub1Walking,Walking,4,0.0
asr,-0.0848,,3.6593,Sub1Walking,Walking,4,
imu_batch,-1.5355,,3.0328,Sub1Walking,Walking,4,
imu_rls,-0.9609,,3.1902,Sub1Walking,Walking,4,
